{"cameraMode":{"drawMode":0,"name":"Shaded","section":"Shading Mode"},"sceneLighting":true,"audioPlay":false,"sceneViewState":{"showFog":true,"showMaterialUpdate":true,"showSkybox":true,"showFlares":true,"showImageEffects":true,"showParticleSystems":true},"in2DMode":false,"pivot":{"x":38.49993896484375,"y":420.44244384765627,"z":-723.8988647460938},"rotation":{"x":-0.32763227820396426,"y":0.06059866398572922,"z":-0.021064240485429765,"w":-0.9426339864730835},"size":917.337646484375,"orthographic":false}