{"cameraMode":{"drawMode":0,"name":"Shaded","section":"Shading Mode"},"sceneLighting":true,"audioPlay":false,"sceneViewState":{"showFog":true,"showMaterialUpdate":true,"showSkybox":true,"showFlares":true,"showImageEffects":true,"showParticleSystems":true},"in2DMode":false,"pivot":{"x":111.16614532470703,"y":4706.966796875,"z":-1064.294189453125},"rotation":{"x":-0.5306464433670044,"y":0.018812809139490129,"z":-0.011780830100178719,"w":-0.8473157286643982},"size":117.19255828857422,"orthographic":false}