{"cameraMode":{"drawMode":0,"name":"Shaded","section":"Shading Mode"},"sceneLighting":true,"audioPlay":false,"sceneViewState":{"showFog":true,"showMaterialUpdate":true,"showSkybox":true,"showFlares":true,"showImageEffects":true,"showParticleSystems":true},"in2DMode":false,"pivot":{"x":15.604371070861817,"y":5.255566596984863,"z":8.954483985900879},"rotation":{"x":-0.24196410179138184,"y":0.6384541392326355,"z":-0.22190384566783906,"w":-0.6961409449577332},"size":9.107858657836914,"orthographic":false}