{"cameraMode":{"drawMode":0,"name":"Shaded","section":"Shading Mode"},"sceneLighting":true,"audioPlay":false,"sceneViewState":{"showFog":true,"showMaterialUpdate":true,"showSkybox":true,"showFlares":true,"showImageEffects":true,"showParticleSystems":true},"in2DMode":false,"pivot":{"x":-2.8079590797424318,"y":1.57737135887146,"z":-1.8080816268920899},"rotation":{"x":-0.17334863543510438,"y":0.5670815706253052,"z":-0.12354566156864166,"w":-0.7956832647323608},"size":2.9246294498443605,"orthographic":false}