{"cameraMode":{"drawMode":0,"name":"Shaded","section":"Shading Mode"},"sceneLighting":true,"audioPlay":false,"sceneViewState":{"showFog":true,"showMaterialUpdate":true,"showSkybox":true,"showFlares":true,"showImageEffects":true,"showParticleSystems":true},"in2DMode":false,"pivot":{"x":-2.2003746032714845,"y":0.18000000715255738,"z":-3.5199122428894045},"rotation":{"x":-0.16531513631343842,"y":0.7309397459030151,"z":-0.19053976237773896,"w":-0.6341277360916138},"size":3.2246294021606447,"orthographic":false}