{"cameraMode":{"drawMode":0,"name":"Shaded","section":"Shading Mode"},"sceneLighting":true,"audioPlay":false,"sceneViewState":{"showFog":true,"showMaterialUpdate":true,"showSkybox":true,"showFlares":true,"showImageEffects":true,"showParticleSystems":true},"in2DMode":false,"pivot":{"x":14.448617935180664,"y":6.9377241134643559,"z":7.564274311065674},"rotation":{"x":-0.16531513631343842,"y":0.7309397459030151,"z":-0.19053976237773896,"w":-0.6341277360916138},"size":143.23333740234376,"orthographic":false}