{"cameraMode":{"drawMode":0,"name":"Shaded","section":"Shading Mode"},"sceneLighting":true,"audioPlay":false,"sceneViewState":{"showFog":true,"showMaterialUpdate":true,"showSkybox":true,"showFlares":true,"showImageEffects":true,"showParticleSystems":true},"in2DMode":false,"pivot":{"x":-2.200374126434326,"y":6.970000267028809,"z":-3.5199127197265627},"rotation":{"x":-0.32763227820396426,"y":0.06059866398572922,"z":-0.021064240485429765,"w":-0.9426339864730835},"size":43.71471405029297,"orthographic":false}