{"cameraMode":{"drawMode":0,"name":"Shaded","section":"Shading Mode"},"sceneLighting":true,"audioPlay":false,"sceneViewState":{"showFog":true,"showMaterialUpdate":true,"showSkybox":true,"showFlares":true,"showImageEffects":true,"showParticleSystems":true},"in2DMode":false,"pivot":{"x":-2.2003746032714845,"y":0.18000000715255738,"z":-3.5199122428894045},"rotation":{"x":-0.2198561131954193,"y":-0.5586131811141968,"z":0.15659268200397492,"w":-0.7842886447906494},"size":3509.292724609375,"orthographic":false}