{"cameraMode":{"drawMode":0,"name":"Shaded","section":"Shading Mode"},"sceneLighting":true,"audioPlay":false,"sceneViewState":{"showFog":true,"showMaterialUpdate":true,"showSkybox":true,"showFlares":true,"showImageEffects":true,"showParticleSystems":true},"in2DMode":false,"pivot":{"x":-2.1691932678222658,"y":0.5502259731292725,"z":-1.819098949432373},"rotation":{"x":-0.2572035789489746,"y":0.5351816415786743,"z":-0.1752835214138031,"w":-0.7853074669837952},"size":2.9246294498443605,"orthographic":false}