{"cameraMode":{"drawMode":0,"name":"Shaded","section":"Shading Mode"},"sceneLighting":true,"audioPlay":false,"sceneViewState":{"showFog":true,"showMaterialUpdate":false,"showSkybox":true,"showFlares":true,"showImageEffects":true,"showParticleSystems":true},"in2DMode":false,"pivot":{"x":6.593597412109375,"y":0.713259220123291,"z":-10.358203887939454},"rotation":{"x":-0.08855388313531876,"y":-0.7347536683082581,"z":0.09778615832328797,"w":-0.6653832197189331},"size":12.016274452209473,"orthographic":false}